firstName,lastName,userId,email,longitude,latitude,position,cell
Sam,Pliska,1,wer@gmail.com,74.006,40.7128,Finance,1150450536
Austin,Lashley,2,sdfcxv@gmail.com,71.0589,42.3601,Real Estate,9473436990
John,Lyon,3,xfkgl@gmail.com,87.6298,41.8781,Engineering,8556907432
Chloe,Burns,4,sflijsdfj@gmail.com,118.2437,34.0522,Film,3050349035
Bill,Jones,5,asdfasdf@gmail.com,122.4194,37.7749,Retail,9373284537
Phil,Abil,6,dsfdsfewq@gmail.com,122.3321,47.6062,Doctor,2091569065
Chris,Rock,7,GFHJ@gmail.com,104.9903,39.7392,Dentist,7354273726
Thomas,Paine,8,KHUIY@gmail.com,75.1652,39.9526,Marketing,5977045095
Suzy,Wise,9,oiuogy@gmail.com,80.1918,25.7617,Journalism,7555430426
David,Wolfe,10,jbmnf@gmail.com,95.3698,29.7604,News,2951751078
Carl,Johnson,11,uhiuyjd@gmail.com,84.388,33.749,Computer Software,9690333115
Boris,Johnson,12,mngjf@gmail.com,96.797,32.7767,Finance,4082343035
Wilfred,Cumberbatch,13,rarweerr@gmail.com,80.8431,35.2271,Real Estate,2421429556
Zoe,Guckenheimer,14,liuiytre@gmail.com,76.6122,39.2904,Engineering,4301163615
Anni,Coonan,15,mmhfhff@gmail.com,93.265,44.9778,Film,5617325557
Madison,Thomas,16,qweqwe@gmail.com,117.1611,32.7157,Retail,6861812138
Taylor,Salem,17,lkjyouyo@gmail.com,77.0369,38.9072,Doctor,5505412668
Ryon,Cantrell,18,ohiuds@gmail.com,74.006,40.7128,Dentist,2522740558
Coulter,Loft,19,mbgdwq@gmail.com,71.0589,42.3601,Marketing,3939892970
Timo,Van der Geest,20,lauejsdhsd@gmail.com,87.6298,41.8781,Journalism,5519767182
Will,de Quant,21,xxkyeue@gmail.com,118.2437,34.0522,News,2079772727
Andrea,Caroti,22,qoeeeu@gmail.com,122.4194,37.7749,Computer Software,6149806096
Bryan,Caraballo,23,nnlxkshs@gmail.com,122.3321,47.6062,Finance,1685549245
Jack,Schibles,24,shahqeeqqrqer@gmail.com,104.9903,39.7392,Real Estate,6496220303
Scooter,Holmes,25,msgdidpqiehv@gmail.com,75.1652,39.9526,Engineering,7040899971
Franky,Westin,26,hshskskah@gmail.com,80.1918,25.7617,Film,9911604832
Bobby,Shulls,27,jhqkejej@gmail.com,95.3698,29.7604,Retail,5512519485
Russell,Westbrook,28,eskjhfkjeahfxv@gmail.com,84.388,33.749,Doctor,9468841738
David,Cameron,29,ddentist@gmail.com,96.797,32.7767,Dentist,6203111193
Theresa,May,30,eqreqrewrwer@gmail.com,80.8431,35.2271,Marketing,7506484461
,,,,,,,
,,,,,,,
,,,,,,,